Customer_Name,Customer_Email,Customer_Phone
Siya Bath,lekhaahluwalia@example.net,0953253040
Om Divan,qdutt@example.com,0954232235
Wahab Sura,jbajwa@example.org,9668188896
Dev Prabhakar,ksami@example.net,4143907886
Triya Bose,katatriya@example.com,9129359475
Barkha Bath,ira63@example.net,9097612251
Pranav Arora,boraira@example.org,0644835049
Robert Sandal,mangatgeorge@example.net,5278644296
Chaitanya Sandal,takwilliam@example.com,0415835008
Kritika Nagar,odika90@example.org,9162752334
Qarin Solanki,devansh05@example.com,1000587523
Warhi Mann,somanucchal@example.org,4965404194
Unni Arya,bajajmichael@example.org,9166978639
Wakeeta Manda,vaishnavirana@example.com,0845372745
Neelima Bir,anirudh48@example.com,0258543767
Atharv Borra,mdeol@example.com,0227780065
Yutika Patla,amahal@example.com,0332205030
Rudra Kalla,shanharini@example.org,9103130659
Robert Dhillon,sanghvinilima@example.net,1280618471
Abdul Malhotra,parikhsamesh@example.net,9183666998
Joshua Bahl,daksha00@example.com,0447317400
Harrison Savant,nimratbhardwaj@example.com,0227802011
Amrita Vyas,calebsabharwal@example.com,9197017718
Brinda Ahluwalia,bhavya18@example.com,9176594565
Patrick Shanker,chaudhuriharinakshi@example.org,0910070172
Mahika Kapur,ebasak@example.com,9148190996
Gavin Nath,charlesbarman@example.com,8575245398
Warhi Divan,narayanaarnav@example.com,0802768867
Ekavir Deshpande,vgara@example.org,9157995077
Baljiwan Ratta,ijaya85@example.net,5619281032
Jairaj Upadhyay,vamakshi06@example.net,3534470286
Anmol Keer,udant07@example.org,1686102229
Ikbal Banerjee,ranbirpanchal@example.com,0498464785
Finn Jaggi,tkade@example.org,0485184957
Shravya Om,gautami40@example.org,9126809630
Orinder Tak,vorayadavi@example.com,9171020291
Mitesh Sandal,ati24@example.org,7468162999
Xalak Khatri,owenkala@example.com,9156887523
Dhriti Gaba,vedantbobal@example.com,7563466315
Lakshmi Bava,dharsiddharth@example.org,9160396376
Benjamin Srinivas,charles11@example.net,6744084437
Laban Manne,rshenoy@example.com,0600304541
Xiti Bava,chadekani@example.com,2105457985
Harini Bumb,liyer@example.org,3726664026
Charan Dugar,pranitchada@example.org,0090815832
Yashica Padmanabhan,dewananita@example.com,2745490959
Vamakshi Doctor,sanne@example.com,0984857717
Champak Parmar,chandanimukhopadhyay@example.net,0912781346
Ojas Dugar,liam00@example.org,4884402661
Garima Memon,turvi02@example.org,9160773211
Bachittar Prabhakar,lipika57@example.org,7821341714
Praneel Soni,janakikhanna@example.net,0758182975
Chameli Lal,okarnik@example.org,3281236776
Gautami Oza,logan73@example.com,1981567411
Gauri Prashad,balwidisha@example.net,0559802087
Charan Choudhry,janyamore@example.net,0799307428
Barkha Dube,ypandit@example.net,9136347955
Michael Guha,tristan70@example.org,7804302164
Krisha Om,psengupta@example.com,5288894738
Gunbir Das,nandini05@example.com,5684290910
Adya Iyer,timothy95@example.net,4700727932
Shaurya Chacko,sanaya38@example.org,9136703843
Ekavir Saran,amara86@example.com,9415219495
Baghyawati Narain,dmadan@example.org,9167203642
Urvashi Bahri,ekiyakrishna@example.org,0764839338
Jyoti Nadig,dadayashoda@example.org,9103081377
Warda Rajan,vinayadixit@example.com,0467115147
Yutika Ranganathan,lakshviswanathan@example.org,7441750113
Yashasvi Thakur,qabilkohli@example.com,0633514532
Niharika Mannan,toorjonathan@example.org,0388538742
Varsha Date,yatinpatil@example.net,9155137509
Watika Prabhu,balanbaljiwan@example.com,0249793363
Lila Mahajan,dgoswami@example.com,0762703067
Anirudh Ravi,mason40@example.org,9134460394
Aradhana Chahal,xparikh@example.com,1582334297
Tamanna Narula,bhavanivyas@example.net,9184035053
Kritika Joshi,maneabhiram@example.org,0231260853
Dhruv Bala,dalalbhavini@example.net,0482412321
Devika Wable,farhanbala@example.org,7640898445
Lekha Krishnan,noah82@example.net,9138619490
Dalbir Balan,chandranqabil@example.org,0108053935
Shivansh Kakar,lajitakhurana@example.com,9948666105
Jagdish Kale,reva93@example.com,9184033290
Om Bawa,gautami28@example.net,0029314495
Max Dixit,manneforum@example.com,3435542472
Charita Toor,teerthkara@example.net,0173598159
Manan Narang,krishna40@example.com,9177037689
Damini Oza,chakradevsaran@example.org,9160149042
Patrick Agarwal,orinder68@example.org,9118001004
Laban Sood,osidhu@example.net,8835238965
Jason Mukherjee,karanraju@example.org,9146674857
Yochana Sinha,agrawalaradhana@example.org,8533686650
Anjali Venkatesh,wwason@example.org,9149997407
Dipta Iyengar,ronithandra@example.org,0728527861
Faqid Acharya,balasubramanianbrijesh@example.net,0428800860
Vihaan Nayar,khatriindali@example.com,0166398286
William Gole,samuel48@example.com,0703448769
Dayamai Chada,jagatganesan@example.org,9129719285
Aadi Dash,cnath@example.org,0265040070
Brijesh Sehgal,damyantikorpal@example.net,0232631655
Yashica Raval,sachdevyashoda@example.net,0676504488
Aachal Sangha,amruta10@example.net,4002696437
Abhiram Rajan,srivastavapavani@example.com,0364649365
Chaman Shankar,yoshitapingle@example.net,0259176176
Indrajit More,meera28@example.org,8732531492
Jhalak Ramaswamy,lallaaachal@example.org,9193077934
Darika Pandey,niteshmishra@example.org,2749358457
Panini Koshy,aarushdeep@example.com,9147671698
Bachittar Khanna,ladli08@example.org,9116619523
Harish Chandra,dayita74@example.net,4402486529
Charles Sha,ikshita20@example.com,9109527510
Mahika Banerjee,ishaan08@example.net,0359220940
Abha Sunder,yachana90@example.com,0277818897
Ira Chhabra,kashishbatta@example.org,9168773143
Faras Mane,sathvikborah@example.org,9145497057
Joshua Sood,chasmum80@example.net,9197911237
Elijah Sane,cnarayanan@example.net,9163396182
Chandresh Ramakrishnan,rbhatnagar@example.net,0570126364
Oscar Nagi,tanishbadami@example.org,9156800050
Vansha Lal,abha91@example.org,9101023858
Saksham Patel,yadavtanay@example.org,0418588008
Ethan Wason,kashishlata@example.com,2091584425
Jackson Chandran,bhaktagirik@example.net,9176682080
Vrinda Sengupta,triyavenkatesh@example.org,0748917361
Yutika Hayer,ptandon@example.org,9179092394
Ijaya Sundaram,dhaliwalgaurika@example.org,3369977253
Aahana Krishnamurthy,padmanabhanchaaya@example.org,0289953443
Pratyush Tandon,charnoah@example.net,0776066432
Sudiksha Bhalla,parthgoyal@example.org,8616196923
Ansh Sengupta,gavin98@example.net,0835897279
Hiral Hora,jackson27@example.com,9107683307
Geetika Konda,gadeanya@example.org,4315467340
Shivansh Suresh,rachita98@example.org,9243285164
Chaitaly Nayar,naikfalan@example.net,9274668240
Lohit Gole,gkarnik@example.com,0058900116
Tanay Singhal,chanaekansh@example.com,9164149344
Azaan Mangat,settyaahana@example.org,0327036743
Saumya Sheth,lokeyagnesh@example.net,0126356114
Yash Kashyap,kavya58@example.org,0182455660
Oscar Khurana,edhitha29@example.com,7369394681
Naveen Goda,hbandi@example.net,0436520503
Liam Saini,vincent22@example.org,4971429339
Ranveer Sridhar,triptinarayan@example.com,0425469249
Advika Murty,ckala@example.com,9132598690
Henry Menon,jack49@example.net,7444771031
Vedhika Palan,yachana00@example.net,9182908068
Abdul Sanghvi,sarrafijaya@example.com,9140452725
Ethan Divan,vlanka@example.org,7207518966
Aryan Chowdhury,snehalal@example.org,0031236591
Falan Srinivasan,jacobapte@example.com,9110705793
Nandini Andra,uhans@example.net,3899526463
Ekanta Sibal,kmallick@example.com,0067667922
Ria Balakrishnan,riya55@example.org,0880290821
Jairaj Rai,yochanagara@example.org,9179979781
Onkar Dhingra,poojabatta@example.net,0362698800
Dominic Singhal,ira46@example.org,9147316710
Oeshi Balay,ravilucky@example.com,0214534317
Ishwar Mann,soodxiti@example.com,5495823238
Sanya Soni,jackson15@example.org,0268669421
Elijah Sachar,onveergaba@example.net,0117517963
Vyanjana Thakkar,khalsadeepa@example.org,0569704337
Idika Kapur,omkaarwalla@example.com,7425657642
Warhi Setty,jacksur@example.com,9195061389
Yatin Sha,bhavyadyal@example.net,4175490987
Ryan Sabharwal,nadignicholas@example.com,0361468744
Gagan Rajan,charita88@example.net,8210054386
Meera Barad,dseth@example.net,0059594616
Sarthak Chanda,hramesh@example.com,7394124605
Xiti Parikh,soniarin@example.net,0782333195
Triveni Choudhary,krishna08@example.com,0159931224
Aarini Mahal,abhiram16@example.com,9362346929
Gaurangi Vasa,gaurang73@example.org,1329176784
Darika Kulkarni,vidhikunda@example.com,0303050404
Indali Deshmukh,finn11@example.net,4846623289
Vinaya Kumar,jkashyap@example.net,7499601103
Anthony Amble,dominic63@example.com,9139030347
Charan Deep,bgopal@example.net,7512644165
Anthony Das,neelimabuch@example.org,9190341493
Rushil Rana,xalak62@example.com,9143106774
Bhavani Thaker,gkannan@example.net,6685415676
Ranveer Kannan,isaiahbhatt@example.com,0701482620
Saanvi Sinha,adweta24@example.org,9117930779
Falguni Verma,senguptamichael@example.net,9673343785
Inaya Thaker,ekantika87@example.com,0444241710
Ekanta Gulati,ramanathankaran@example.org,0148956454
Nitara Bath,lokemadhav@example.net,0234332676
Balendra Vala,mugdhasampath@example.com,0758942776
Balvan Tripathi,ntaneja@example.net,9118706767
Ekantika Bansal,raaginimuni@example.com,2087520139
Samarth Sant,mannegavin@example.net,0515971708
Ikbal Brahmbhatt,janyasharma@example.net,5687586364
Maya Merchant,udant65@example.com,9119558992
Hiral Sawhney,sai33@example.org,5340976460
Karan Narain,mohandarsh@example.org,2922244853
Amara Gill,luckyacharya@example.net,9194060792
Devansh Buch,farajdas@example.net,0678555579
Indali Rao,rameshmekhala@example.org,9107700193
Abhiram Saha,vaishnavi84@example.com,2259875729
Jack Sachdeva,triyakaran@example.net,7505667284
Urvi Butala,caleb95@example.net,9124398502
Osha Desai,tanish12@example.net,6518911893
Bakhshi Chhabra,nagarajanjagat@example.net,0676672061
Ekta Saini,johalagastya@example.com,5138926036
Chanakya Memon,tanayvarty@example.com,1523543868
Max Mitter,yug37@example.org,0059427481
Yuvraj Aurora,acharyaharsh@example.net,2997835244
Zinal Tiwari,anmol18@example.org,9143860589
Manthan Verma,triyabehl@example.org,9113130123
Manbir Purohit,upasna89@example.com,1022334336
Daksh Deshpande,xghose@example.net,1386534221
Ryan Singhal,shethindali@example.org,9145510933
Nidra Naik,yaminidixit@example.com,0755644603
Mohammed Keer,hsandhu@example.org,0325101323
Anvi Swamy,jai29@example.org,0776144822
Hardik Goyal,kariidika@example.net,7383098790
Timothy Dave,wishivirk@example.org,9163472373
Dhruv Roy,lallalucky@example.com,6619623116
Yatin Goyal,gabriel63@example.com,3133401385
Thomas Sinha,onveerbanerjee@example.com,7742809422
Banjeet Parmar,dhruvsami@example.net,0685230250
Vamakshi Arora,hariabdul@example.org,0373438590
Krishna Sant,shankerwarhi@example.org,0082955629
Aayush Thaman,gavinravi@example.org,0187354575
Yauvani Tata,vaidyabanjeet@example.com,0676065051
Indrajit Narula,jagdish75@example.com,0656307997
Niharika Singh,avni13@example.net,0258482883
Yashica Chokshi,henry56@example.com,0808122325
Gaurangi Dixit,daranaksh@example.org,7989607123
Azaan Vig,magarronith@example.net,9136946142
Libni Nath,khuranaandrew@example.com,9174025789
Jeevika Shroff,rbahl@example.com,9104389818
Chakradhar Shere,omya59@example.com,2141492418
Ayushman Kari,jyoti95@example.com,9055131632
Chandani Sharma,gandhijackson@example.com,0942868852
Nakul Srivastava,udyati45@example.org,0357620349
Upadhriti Khurana,vansha12@example.com,9101964243
Zaid Choudhury,turvimane@example.org,9150144442
Jasmit Dugal,tellaaachal@example.org,5885143658
Oliver Golla,qasim57@example.org,0970815864
Pushti Pathak,priya80@example.net,0588979210
Faris Ratta,vrishti10@example.com,9154081723
Utkarsh Khare,bedipranit@example.org,9119851704
Balvan Dada,uandra@example.com,0817616842
Pallavi Wali,borradakshesh@example.org,9954468971
Rehaan Lall,vincentkarnik@example.org,9803450483
Janaki Chana,baljiwanmitra@example.net,0324926506
Diya Bhagat,janidhruv@example.net,0337886322
Ekaja Prabhakar,lbawa@example.com,0003645891
Nilima Chakraborty,pillaygarima@example.org,4590715257
Indali Sethi,ochaudhry@example.org,0958767831
Priya Thaman,janani31@example.org,0667366144
Garima Anand,gnarasimhan@example.net,0693467965
Alka Ramakrishnan,kritika96@example.org,0689192950
Agastya Sule,wazir32@example.net,0118349964
Watika Wali,shuklajairaj@example.com,8468746301
Wishi Balay,ishitachanda@example.org,0643225053
Janya Suri,xghose@example.org,9110416412
Vihaan Lata,adya73@example.com,9186275317
Balvan Pant,magarrishi@example.net,9114939990
Alexander Comar,ucchalprabhu@example.net,0375566175
Isha Lall,smander@example.org,0088554933
Ria Saran,rajata33@example.org,0423543113
Yashica Trivedi,llad@example.com,9171401286
Hardik Iyengar,ijayanarang@example.org,7569689744
Anthony Dua,janujaissac@example.org,9186642117
Jairaj Dhawan,ipau@example.com,2757092169
Michael Gola,wardagoel@example.net,0674860705
Vedika Toor,chandran95@example.com,9153490881
Parth Chaudhuri,garaayushman@example.com,0949772980
Pratyush Mitra,hloyal@example.org,5740305691
Arin Pillay,sarnageetika@example.net,5782321570
Vanya Nori,shauryasaini@example.org,0101007122
Nathan Mutti,kashvisastry@example.org,9157542105
Victor Mangat,ati83@example.com,8067799055
Dalaja Shetty,mmurthy@example.org,9433877978
Nandini Kibe,dhritidass@example.net,8570101548
Hiral Mandal,duttviraj@example.net,9189909992
Radha Garde,pillaydamyanti@example.net,0625707569
Ishani D’Alia,bdeshpande@example.net,0759299410
Aarnav Kar,qushidin@example.com,6843756711
Daksha Merchant,gminhas@example.org,1907492675
Jyoti Puri,wshere@example.org,0551581854
Vasudha Bail,kalanaveen@example.net,0991055113
Aahana Varghese,timothyravi@example.net,0737935401
Gayathri Banerjee,kdeshmukh@example.net,0444440182
Suhani Dutt,isankaran@example.org,9126317413
Hitesh Dube,malhotraurmi@example.com,9166954577
William Khurana,jsanghvi@example.org,9140240717
Gaurang Batra,msharaf@example.com,1115635623
Jonathan Karan,sudikshadeshmukh@example.org,9108397638
Saumya Dewan,zgara@example.com,0371623126
Kashvi Konda,baradpeter@example.com,9180626057
Eta Shukla,chakradhardhaliwal@example.org,9164739626
Devansh Prabhu,kalaekaraj@example.com,0486766310
Anusha Mutti,munshivivaan@example.com,9118820249
Harshil Sha,vkoshy@example.net,9134483872
Pallavi Bansal,jagdishramakrishnan@example.com,4834092612
Oliver Sem,jagdish01@example.org,8093740814
Faqid Kara,mugdha12@example.com,0503247648
Harini Wable,wablenetra@example.org,0759409660
Naveen Andra,gchandra@example.net,3426467052
Aadhya Soni,uchakraborty@example.net,8388018707
Naveen Kulkarni,aptewarhi@example.net,0714182413
Panini Mitra,madhavi61@example.net,9145068326
Ryan Lata,avarty@example.com,9139846943
Ubika Chanda,watika31@example.net,0070231194
Ekansh Sani,abarad@example.net,0286823746
Jeet Parekh,vnath@example.net,9114856763
Yashawini Dhingra,praneel03@example.com,0859759786
Qarin Bhalla,varugheseavi@example.com,9127109220
Damini Parmer,ozamanya@example.net,1835336330
Bhavna Bajwa,amruta11@example.com,9199651250
Yadavi Kari,agastyadutta@example.org,9128936031
Chaitaly Chatterjee,wagleshivansh@example.net,4548862002
Hema Arora,buchranveer@example.org,9147591254
Ethan Yohannan,mugdhasabharwal@example.net,9153086285
Ayaan Krishnan,fitanagarwal@example.net,7211279398
Logan Vala,dalallaban@example.net,9131160012
Jagvi Goswami,imaran31@example.org,0933248557
Rudra Chandra,sahaavni@example.net,9162491548
Shaurya Mitra,yash16@example.net,0687403297
Rushil Deshmukh,chananaksh@example.com,1176642281
Agastya Maharaj,cvarghese@example.net,0115164964
Aadi Rai,echadha@example.org,9188403359
Yatan Singhal,ayushmankant@example.org,0754471727
Kai Venkataraman,bnaidu@example.net,0432985122
Pahal Warrior,mitterzehaan@example.net,0852673294
Aarna Mahajan,bhavsarsamarth@example.org,0349315723
Vaishnavi Oommen,vsangha@example.net,9152501446
Keya Panchal,yashvi38@example.org,9176245122
Bina Dass,naikati@example.com,9390464056
Aradhana Yadav,bbhakta@example.org,4865257228
Zilmil Nadig,behlmadhav@example.com,9105428957
Ijaya Gour,thakurdivya@example.com,9161157743
Chakradhar Kakar,miteshchada@example.net,0802869708
Parth Sandhu,sandhuekavir@example.org,0061371184
Harini Lad,omya32@example.org,9126278816
Teerth Mishra,jradhakrishnan@example.net,7185317829
Baljiwan Brahmbhatt,haritasabharwal@example.org,9141361043
Oni Rege,lperi@example.net,9147281667
Mason Chauhan,kondachaaya@example.org,9135590159
Hritik Desai,rbala@example.net,9154798358
Bhavna Dada,kantgirindra@example.com,0387658111
Lajita Khosla,lganesan@example.net,0795025067
Daniel Upadhyay,tankavni@example.org,0652904065
Yasti Lala,zsura@example.com,4570595893
Logan Kota,wpalan@example.com,9171603199
Triya Kala,jyoti25@example.com,4933071850
Chanakya Borah,jagatmallick@example.org,9190721737
William Bahl,damini42@example.org,5590913622
Dev Gupta,sarmajason@example.com,0525129496
Hemani Gandhi,vbhatt@example.com,0583340979
Widisha Rajagopal,bhavani50@example.org,9112847965
Jackson Puri,zkadakia@example.com,0413977413
Dipta Shan,choudharyjanuja@example.org,0806953352
Ekavir Chawla,qganesan@example.net,0996366889
Forum Wali,aahana68@example.org,9100030975
Pushti Bumb,hhalder@example.org,0859296553
Rushil Palan,atharv61@example.net,0026820691
Ati Varkey,lankanidra@example.net,5013596119
Hemangini Borra,mnanda@example.net,9177962054
Victor Sama,idhaliwal@example.net,0685106096
Raghav Chadha,vasanasaran@example.com,9189853768
Raksha Nayak,megha58@example.org,9150529672
Zayan Iyer,ishwarchaudry@example.org,4102541266
Quincy Kamdar,farisbalan@example.org,9176232307
Hitesh Mody,keerqasim@example.net,9166688769
Udyati Deo,gkoshy@example.net,8438899060
Harshil Nagarajan,gabriel88@example.net,0617674579
Abeer Dutt,jeevika91@example.org,9108025335
Shivani Shah,onveeragate@example.com,9268776448
Onkar Khare,bimala89@example.com,0694482883
Aarush Dhawan,dugalanamika@example.com,7198882829
Wridesh Bhatt,amaragoyal@example.com,0490481007
Odika Korpal,tanish51@example.net,0901696558
Chatura De,tsama@example.com,9188884282
Bhanumati Agrawal,siddharthsehgal@example.net,0951086442
Hiral Saxena,ladatharv@example.net,9192965820
Lakshmi Dhar,zehaansangha@example.org,9195371841
Sai Jhaveri,ravalowen@example.org,5623471679
Kashvi Mandal,eeshasane@example.com,0285870405
Harish Kamdar,bhavini43@example.org,2447068657
Inaya Sane,gbalakrishnan@example.net,9143929853
Vedant Savant,bhegde@example.net,9178643664
Baljiwan Kapadia,atharvpradhan@example.net,9197688342
Vivaan Deshmukh,sara52@example.net,5188967896
Kalpit Koshy,bansalonveer@example.com,0012180979
Pallavi Roy,pbarman@example.org,0129667550
Vrishti Balay,qbutala@example.org,3681812092
Turvi Kala,mchaudhry@example.net,9154481847
Chanchal Kannan,keergagan@example.com,2779938965
Kavya Guha,lila38@example.com,0248128962
Devansh Ravi,smagar@example.com,0796003344
Dayita Lall,zarna18@example.org,9151058605
Advik Pandey,kibeyashodhara@example.net,0576855552
Yashawini Shah,zinalprakash@example.net,0850353121
Anusha Badal,poojachand@example.com,9131781447
Aishani Ravi,basakwatika@example.net,9116208834
Hemani Baral,esengupta@example.org,6190602182
Mugdha Dugar,netralad@example.net,0030846690
Harinakshi Kala,advaithmistry@example.com,9101816428
Ikbal Pillay,zgarg@example.com,4261298277
Wakeeta Dhillon,abhimanyukorpal@example.net,3555113798
Nirja Raju,barkha60@example.org,0026880110
Vivaan Khosla,hwalla@example.org,0439455891
Charvi Gade,shettyrachita@example.org,4386406482
Bhavna Gola,joshua25@example.com,9196903785
Pratyush Luthra,qvohra@example.net,7416673511
Shivani Goyal,prishamittal@example.net,9106034508
Advik Prabhu,krishna31@example.org,0776746451
Amara Jani,pranavdeshmukh@example.net,3070502911
Kashish Lad,gaurangcherian@example.com,0605896182
Ekta Dave,lmanne@example.com,4105140267
Falan Banerjee,khatriumang@example.com,0330003773
Pranav Parmar,dixitleena@example.net,9195375328
Yasti Nair,pmukhopadhyay@example.net,9141160892
Warhi Badami,damini60@example.net,9152608620
Azad Dixit,yamini53@example.com,9141924780
Ekanta Patla,roymichael@example.org,1544307591
Manan Choudhury,maanassawhney@example.org,0094342740
Wriddhish Tella,dayamai17@example.com,9149695110
Nimrat Dhaliwal,smohan@example.com,3159414906
Yochana Dyal,shroffrachana@example.com,4927348847
Azaan Varughese,kavya63@example.com,9172489698
Henry Narula,shroffadvay@example.net,9123687527
Eta Saha,prabhakartriveni@example.com,0397494857
Libni Ganesan,lhegde@example.org,0771961207
Hamsini Borra,theodoreratta@example.org,2203741358
Vritti Garde,balendra25@example.com,8173800675
Girindra Bali,ojasvivenkatesh@example.org,9190104404
Ekapad Nigam,chameli57@example.org,0176056576
Vanya Prabhu,samaksh29@example.com,0434277501
Jhalak Merchant,ria87@example.net,9143646528
Wridesh Dutta,baghyawati31@example.net,6667212429
Sai Sani,eshanabehl@example.net,7471554153
Nitesh Bajwa,theodoremannan@example.net,9189768954
Watika Majumdar,bhatnagarrajata@example.com,5408398196
William Ranganathan,kranganathan@example.com,9388885074
Aashi Sandal,meghana09@example.org,7736805716
Jonathan Bath,kamya44@example.net,9169467891
Guneet Hans,rmalhotra@example.org,0597857831
Harish Vala,vigdalaja@example.net,9155552104
Eiravati Chopra,iraviswanathan@example.net,0675108647
Anusha Srinivasan,jeevikamitra@example.com,6157155082
Anya Amble,ikbal37@example.net,1075874786
Sai Lala,pranavkonda@example.org,3046077300
Balhaar Soni,gautam78@example.net,9153688065
Hemang Bora,jhahritik@example.net,1025636802
Dominic Kade,ndhillon@example.com,9149672379
Warda Rout,yashawinikrishna@example.net,0663163402
Vyanjana Mishra,fariq39@example.net,9194527793
Panini Varkey,vedamagar@example.org,4842520327
Ayush Dhingra,aarnav91@example.com,9629864261
Patrick Kalla,kibeabhimanyu@example.net,0891505865
Fitan Pathak,balveer88@example.com,9132628283
Farhan Pillay,wabledev@example.com,2753096886
Aryan Mane,behlthomas@example.net,9169658192
Ekaja Bahri,ira15@example.net,6934740651
Vasudha Sangha,walibishakha@example.net,5350244347
Gaurang Sinha,vedhikaravel@example.org,9122202356
Mugdha Gala,vasariya@example.org,0722956523
Edhitha Sangha,hardikdin@example.com,0120927146
Wishi Thaman,naveenchatterjee@example.com,0729741605
Nilima Devi,somanneha@example.net,0602247100
Unnati Prabhakar,nmukherjee@example.net,0582532797
Parth Shan,ikohli@example.com,5729432718
Shivani Narayanan,yash51@example.com,1715681367
David Narula,hritik52@example.com,0398548357
Amol Pathak,bhavya29@example.net,4425606427
Sai Khurana,jdeep@example.net,9190296925
Gaurangi Rastogi,vaishnavi24@example.org,7668350490
Yatan Parikh,dubeytanveer@example.org,0609011465
Jeevika Bandi,dayamai05@example.com,5902410269
Aryan Hegde,rishithakkar@example.org,0341242585
Ekavir Kar,geetikaraja@example.org,9157362070
Triveni Kaur,jasmithayre@example.org,2524593818
Arunima Mittal,suhanibarman@example.net,0309670249
Chanchal Kari,chamansane@example.org,9132331916
Niharika Shenoy,narangarya@example.net,9145463610
Megha Bhavsar,nathan93@example.com,9126139758
Odika Guha,ubika59@example.org,2985874079
Warda Halder,ekbal68@example.net,1899364393
Vedant Hans,imaran21@example.net,0329205294
Saanvi Upadhyay,balendra91@example.net,9111680354
Triveni Bansal,nsami@example.net,9183135319
Radha Hegde,noah35@example.net,9168931477
Ridhi Andra,pooja90@example.org,0566204219
Pratyush Sahni,defariq@example.net,0528686820
Hamsini Krishnan,prisha05@example.net,0672308319
Vrishti Chauhan,qdeo@example.net,9187393719
Udarsh Prashad,jeet49@example.net,4958273742
Manya Prabhu,ekalinganarayanan@example.org,0665110675
Zayan Chhabra,oliver12@example.org,9176861409
Jairaj Gala,rehaan92@example.com,9162971566
William Gade,bina97@example.com,9169943456
Bhavya Sha,kamyaghosh@example.org,0957901774
Lopa Mandal,qpalla@example.net,4920677382
Libni Mukherjee,galafalguni@example.com,6237821148
Chavvi Lata,uwason@example.com,9132405851
Ekalinga Ram,rishi72@example.com,0809066089
Idika Sarraf,lbains@example.com,6431563188
Vyanjana Bains,chanchaldey@example.org,9142804706
Harsh Konda,chandran93@example.com,9190390403
Prisha Sahni,bedimohini@example.com,0016198280
Lavanya Karpe,usunder@example.com,9142724828
Bachittar Agrawal,seshadriansh@example.org,0620249952
Urishilla Doctor,theodore93@example.net,1939770148
Ranbir Raman,yauvani56@example.org,3372669110
Liam Oommen,berasarthak@example.org,9134157283
George Raman,aprabhakar@example.org,9506487100
Yashica Nazareth,bhavinichaudry@example.com,0747451295
Christopher Sachar,udyati41@example.net,0414504403
Sara Choudhury,daliaviraj@example.net,8273678459
Nitara Pai,prabhuurishilla@example.org,0416913809
Alka Suri,sharafwahab@example.org,4990614810
Ekantika Kuruvilla,dhingranirja@example.org,6265923642
Adweta Mammen,libnihans@example.org,9132318048
Harshil Dhillon,logan10@example.com,0327788720
Nicholas Mander,pdugar@example.net,9167471597
Tanish Edwin,zjoshi@example.net,0994805119
Zehaan Nagar,rbiswas@example.net,1568958333
Ayush Chhabra,dakshabalan@example.com,0720943986
Adweta Majumdar,bachittarvig@example.net,0117274030
Nathan Lanka,nigamhritik@example.org,9163692141
Kritika Contractor,sneharamakrishnan@example.org,9107879593
Balhaar Bir,jasonpalan@example.org,0524521145
Adya Manne,suhani36@example.org,9448207229
Kala Subramaniam,ulalla@example.org,9169336204
Maanas Pingle,rdalal@example.com,0324146196
Geetika Chawla,leenamajumdar@example.com,0623604917
Anvi Balasubramanian,darika13@example.org,0058507113
Manbir Prabhu,hgopal@example.com,1178242492
Neelima Mukhopadhyay,ekalinga78@example.net,0026558847
Dayita Sane,maniyochana@example.net,0622834773
Ladli Contractor,sehgalanmol@example.net,9148677572
Ishwar Malhotra,janaki97@example.org,0798053583
Krishna Datta,morechanchal@example.org,8260297551
Janya Ravi,hema28@example.com,9172934693
Upasna Devan,kantfrado@example.com,1863189602
Dominic Arora,bajajekantika@example.com,9193659557
Sanya Iyer,yashkashyap@example.net,9111042636
Unni Doctor,lsarin@example.org,0516115475
Fiyaz Goel,desaiunni@example.org,5045298760
Nidra Mand,patilishita@example.com,0641244133
Jacob Sankaran,triveni04@example.com,9106022098
Dalaja Dey,ekarajchatterjee@example.org,0565258914
Liam Kumer,thakkardaksh@example.net,5076152544
Wazir Borah,robert77@example.com,9166968665
Neelima Chaudhary,patlasachi@example.org,3228579875
Kamala Sem,goelkala@example.net,0007964832
Lekha Saran,charlesraju@example.org,0881360432
Victor Palla,eparsa@example.com,0605135422
Baljiwan Om,ramanathanchristopher@example.com,9106930454
Abeer Mannan,karan99@example.net,0718693245
Hemang Borra,obhakta@example.com,9181378480
Isha Goel,zarnaseshadri@example.net,9132502846
Gauri Mangal,nikitaprakash@example.org,9167914696
Timothy Khurana,rchaudhari@example.org,0236890776
Gayathri Loke,zjohal@example.com,0681449121
Sara Bhattacharyya,jdora@example.com,8227613406
Shaurya Prashad,panini86@example.net,9188777341
Ubika Natarajan,ramakrishnanisaac@example.org,0373983698
Dhruv Kara,rameshbenjamin@example.net,0620424605
Charita Raman,ekanshsant@example.com,0401400961
Abhiram Raja,fchaudhari@example.com,0224773066
Zarna Kala,hema79@example.org,0611108141
Wakeeta Contractor,asodhi@example.com,2461343263
Dominic Din,virkrudra@example.com,1843996458
Reva Pillai,omyasunder@example.org,0576664417
Ekavir Thaker,rpandey@example.org,0472731662
Gabriel Mody,ridhi14@example.net,4263464101
Xalak Korpal,wshetty@example.org,0966266736
Eshana Pai,ethanpall@example.net,4238070110
Zaitra Aggarwal,ewagle@example.com,9122332751
Praneel Sankar,maanav53@example.org,0880838554
Kritika Majumdar,subramaniancharvi@example.net,0652177581
Nidhi Sama,fiyazchada@example.net,9152724504
Avi Nath,vrinda67@example.com,4900828382
Gauri Kaur,vratta@example.org,0582606176
Pranav Desai,chaitanyabath@example.com,0063182974
Madhav Bhattacharyya,nandini43@example.com,9170413032
Yachana Padmanabhan,rajagopalraghav@example.net,0996528275
Forum Ramachandran,xgoel@example.net,0859996775
Chavvi Menon,saidin@example.org,9146962561
Isaiah Nadig,victor40@example.com,0451788920
Qabil Tak,baljiwansubramaniam@example.org,0775872210
Girindra Bhattacharyya,darshdate@example.com,9110414875
Qushi Tailor,qadim38@example.org,9157341981
Balhaar Iyer,ravelgirik@example.com,9109260189
Indrajit Raja,kvarty@example.com,0222624227
Manthan Barad,doshiunnati@example.com,0446524251
Jai Patla,rattanurvi@example.org,0439039797
Ayaan Sarna,hemanidave@example.net,9103558902
Wakeeta Rana,jeremiahmutti@example.org,0078836165
Anamika Goel,sarafucchal@example.com,9109013455
Madhav Memon,wishi01@example.org,0678404054
Jason Rattan,tataishani@example.com,0474703198
Naveen Gour,maanasshankar@example.org,5786507443
Theodore Loyal,hayrehritik@example.com,0772689726
Kashvi Mody,wasonyagnesh@example.org,0528548539
Tanvi Batta,vermadakshesh@example.com,0321559290
Priya Dewan,kpant@example.com,0362860199
Saanvi Ben,cbrahmbhatt@example.com,0684644970
Elijah Mahajan,parmerekaraj@example.org,9671863637
Warhi Roy,mborde@example.net,0475424851
Bina Ganesh,liladin@example.net,9185948810
Ranveer Cherian,charvichoudhury@example.net,0034724240
Bhanumati Gole,lopadhillon@example.com,1167284676
Gaurav Puri,baradgavin@example.com,9195580625
Jalsa Radhakrishnan,bhargavaomkaar@example.org,9195316244
Varsha Pant,banjeet75@example.org,4984782321
Ayaan Natarajan,dinhemangini@example.net,0762221155
Anita Randhawa,petertoor@example.com,9198324263
Falak Kar,yiyer@example.net,0791025164
Lakshmi Sarkar,jagatshukla@example.net,0534748654
Pahal Pal,radhikasahni@example.com,9160185064
Rishi Bir,baghyawatisrinivasan@example.com,0441298162
Gunbir Kurian,ksachdeva@example.org,9115068866
Charvi Hari,tejas64@example.com,2379557956
Aarush Banik,prishalal@example.org,9156538219
Vidhi Nori,aatwal@example.net,6581083899
Liam Patel,gopal80@example.net,9158810708
Aditya Mittal,omajamander@example.org,0196648380
Yashvi Bawa,lekhade@example.com,0723032094
Mekhala Sagar,ayushman65@example.com,9126400814
Jyoti Bhandari,dhriti93@example.org,0232563163
Lucky Ghose,tailorkevin@example.net,7139781681
Shravya Konda,menonchasmum@example.net,9141006998
Ekavir Sachdeva,mohinimitra@example.com,0425834049
Chandani Manne,apalan@example.net,0912367035
Rachit Dewan,neel68@example.net,8549109830
Azaan Deshpande,oscar22@example.org,3691018310
Bimala Varty,mitesh33@example.net,0062944038
Ayush Rajagopalan,kgulati@example.org,9106488033
David Din,mdave@example.net,0100229171
Mekhala Sachdeva,meghana77@example.com,9118730707
Turvi Bumb,om66@example.org,1384436745
Mahika Morar,ikshitarajan@example.org,9130979814
Ansh Sama,dthakur@example.net,9195284311
Urmi Bava,mason75@example.org,0522284085
Devika Balakrishnan,fshukla@example.net,3212804649
Kritika Saha,pvyas@example.net,4006366809
Daniel Chad,suleoviya@example.com,2699420672
Gopal Mutti,ekanshghose@example.org,9193689202
Yash Yogi,sarnaisha@example.net,0640598455
Hritik Raghavan,lghose@example.net,0323173253
Qadim Soman,brarzashil@example.net,7526123259
Tristan Desai,ayushmore@example.org,9104516315
Harita Venkataraman,umukhopadhyay@example.com,0583734484
Anirudh Mittal,sathvikgandhi@example.org,9171044234
Pratyush Rattan,rtata@example.com,9147595160
Zilmil Sha,rushilbhargava@example.org,9107600235
Falguni Jhaveri,mbhardwaj@example.net,0450981906
Nitesh Ahluwalia,virajbawa@example.com,9102693888
Leena Shroff,henry01@example.net,9102444504
Amol Sastry,varkeysarthak@example.net,1997056323
Christopher Pillay,indali84@example.net,9150814719
Jairaj Puri,aarav92@example.net,0604189848
Advika Vig,kkohli@example.com,0729297223
Falan Joshi,tanejasimon@example.org,9149359777
Rishi Srivastava,ogrover@example.net,9162390256
Mahika Sharaf,vmann@example.org,0820916115
Om Swaminathan,naksh13@example.org,9188591269
David Ramachandran,cbobal@example.org,0096697348
Zayan Bora,sathvik34@example.net,0469436083
Pahal Kari,fpurohit@example.org,9115495580
Charan Kata,hemanisinghal@example.com,9147730792
Oliver Lall,lekhaoza@example.com,0554427695
Radhika Mand,tchandra@example.com,1689102661
Pavani Parmar,pallavibalasubramanian@example.net,0031942658
Faras Raj,pathakgeetika@example.com,0622568722
Jhalak Sood,parmarfrado@example.org,0573584288
Faras Ahuja,mahika31@example.net,0699693452
Lakshit Merchant,nitarakhanna@example.com,0822924062
Warinder Rau,wdass@example.org,9150816178
Shivansh De,sanghawyatt@example.org,1703990032
Lipika Modi,siddharth45@example.net,9159656712
Priya Ramesh,jdara@example.com,9115051616
Bhavna Kapadia,shankarekansh@example.net,0147454634
Lakshmi Chadha,veerdubey@example.com,6014770673
Vasatika Peri,ekaja85@example.net,8993141036
Bakhshi Palan,qasimtiwari@example.net,0503271546
Jeet Ramakrishnan,umitter@example.net,0564426352
Widisha Lad,edhitha65@example.org,0153374190
Wyatt Parmar,aarnavchhabra@example.net,0109210959
Aayush Nori,david51@example.com,0059150425
Simon Thaker,nmitra@example.com,9160310288
Jatin Shanker,ektabedi@example.com,4577171750
Harish Venkataraman,dlanka@example.org,7667043627
Wyatt Bobal,timothy12@example.org,1688704210
Aarnav Padmanabhan,yadavimadan@example.org,9163612301
Harini Shenoy,dkothari@example.org,0498025252
Harsh Chakrabarti,pavanivohra@example.com,9114923585
Dalbir Master,nmajumdar@example.net,3768182373
Manbir Mahal,kibeeshana@example.org,9143931166
Nathan Borde,nsundaram@example.net,9160452410
Jagvi Buch,xalak48@example.com,5036371002
Samarth Butala,indira20@example.net,5955037967
Avi Hegde,baradoni@example.net,0437667378
Yahvi Chokshi,chadaneel@example.com,0652898586
Nathan Sehgal,yogivasatika@example.net,9766862434
Nimrat Nayak,imangat@example.com,8759317005
Anvi Zachariah,krishna81@example.org,9142573413
Lakshmi Saran,zahuja@example.com,9175182519
Dominic Baria,yug74@example.com,2383440514
Ayush Borra,dgrewal@example.net,9177561134
Sachi Krishnan,jhatriya@example.org,9187850571
Vrishti Chacko,pahalmadan@example.org,6474306325
Osha Ganguly,charita82@example.org,0448281176
Ekalinga Dave,tnarayan@example.org,0650306055
Wazir Bir,vedaboase@example.org,5600742643
Warinder Warrior,victorbassi@example.org,1629813864
Yadavi Lad,chawlamitali@example.net,9145639974
Henry Ramaswamy,kritika43@example.org,9173429427
Chakradev Sarkar,narayanomya@example.com,3843436285
Charita Sarna,rajmegha@example.net,8325514824
Falan Prabhakar,nsuresh@example.org,9121895764
Advik Raman,xrout@example.com,0788947052
Joshua Nair,niharika33@example.net,0446336218
Ekbal Chada,vidhisharma@example.net,0687188458
Warda Malhotra,xdass@example.com,0555526035
Vamakshi Srivastava,dalbiryogi@example.net,0767277195
Pallavi Aggarwal,cgill@example.net,9109581316
Chanchal Chakraborty,irya75@example.com,5154430062
Ikshita Jaggi,david91@example.org,9198034106
Warinder Barad,anya01@example.net,9109037481
Lipika Jaggi,ijayanatarajan@example.com,8436790803
Isha Kapadia,bachittarnayar@example.com,4003724926
Dayita Anne,ysen@example.net,0936059243
Patrick Narang,pooja76@example.net,8709910144
Yatan Parsa,barmanakshay@example.org,9181101271
Darpan Joshi,atharv26@example.net,0027299059
Meghana Thakur,fbaria@example.net,9127687982
Gaurav Prakash,praj@example.com,0147439181
Kiaan Mannan,nitara84@example.org,0364790756
Jalsa Dubey,devideepa@example.com,0227212729
Deepa Behl,ria05@example.com,9161761503
Kabir Deol,aarush87@example.org,9128096161
Bakhshi Mistry,idatta@example.org,0950246897
Eta Pillai,thamangautami@example.org,6153622817
Aishani Das,varshagoswami@example.com,0936860631
Siya Patil,padmanabhansaksham@example.net,0522751142
Ishanvi Krish,christopher97@example.net,7101411986
Yamini Palla,hnaidu@example.com,1036509000
Darsh Bains,ckarpe@example.com,4591989560
Brijesh Shetty,sai99@example.net,7168152874
Gavin Bera,kkala@example.org,0107862800
Harish Pandey,brinda91@example.org,0991278079
Janani Narayan,ojassrinivas@example.org,2665988428
Kavya Sami,bajwawriddhish@example.com,1385915386
Raagini Nanda,kdey@example.org,9104667673
Abeer Gera,solankigauri@example.com,9177755108
Neel Sharma,ekapad33@example.com,9195521536
Leela Kuruvilla,nazarethpranit@example.org,6003421886
Irya Dewan,samaksh98@example.com,5336357471
Umang Soman,suracharles@example.net,1756962117
Warinder Chakraborty,paiyachana@example.net,0915476777
Ladli Chada,kabir17@example.org,9155672892
Brinda Taneja,manderyauvani@example.org,0755914383
Chavvi Kala,gvenkatesh@example.net,9785618471
Naveen Barad,aroraindira@example.org,6765940320
Advaith Barad,shankerreyansh@example.com,0388448156
Ridhi Mistry,upadhyayaarav@example.com,2717247297
Upma Raja,nayarvrishti@example.org,0757765268
Pratyush Madan,gdua@example.com,9179893423
Triya Edwin,latawarinder@example.net,0939154767
Kai Sekhon,fsarraf@example.org,2048333268
Inaya Pradhan,chamelikakar@example.net,9144093408
Jonathan Solanki,tandonjalsa@example.net,0283015231
Qadim Taneja,finn49@example.org,9142079778
Viraj Mukhopadhyay,onkarsibal@example.net,9190509703
Aishani Agate,lalnidhi@example.net,0230313952
Jagrati Setty,vincentdara@example.org,9113740657
Wahab Jha,chanderchakradev@example.com,0811663751
Maanav Sandhu,zashilbiswas@example.com,6710730633
Patrick Randhawa,tramaswamy@example.net,9119908336
Maanav Raghavan,aayushray@example.org,5232797664
Anmol Gole,libnisahni@example.net,1784631293
Yashodhara Mandal,lmangal@example.org,9171329437
Reva Rattan,waidapatil@example.org,9192863617
Meera Pradhan,vivaan18@example.org,1495089354
Ekanta Korpal,tanvisani@example.net,4177738189
Andrew Pandey,bhatianimrat@example.org,7776000166
Aditya Pal,spalla@example.net,9150779521
Jacob Rana,ekaja19@example.net,0624553201
Varsha Joshi,hardikagrawal@example.net,2205395703
Abhiram Kapadia,pallavichaudhuri@example.net,0529305226
Ati Badami,edhitha55@example.org,9169570874
Xiti Bhandari,eiravatibava@example.com,0303856799
Upkaar Kibe,advaithsandal@example.com,9103533098
Simon Kanda,isehgal@example.com,0179822500
Dev Yohannan,lsetty@example.com,9187748408
Manbir Singhal,hemangini00@example.net,7656209409
Kiaan Pandey,vkhanna@example.net,0828616494
Rayaan Sodhi,jnarula@example.net,0840440813
Rachana Iyengar,narasimhanyachana@example.net,9132375310
Upasna Cheema,gpillai@example.net,9170533164
Xalak Issac,lkhanna@example.net,9136495932
Ekbal Pau,guneettandon@example.com,0316080414
Omkaar Mitter,pillaibimala@example.net,9171762737
Hritik Saraf,xaviermitra@example.net,0184115140
Pratyush Raj,zilmilborde@example.net,9129967728
Yatan Bath,zaitra50@example.com,0770895609
Gagan Mannan,yashoda88@example.com,0510349632
Diya Keer,hansvihaan@example.net,3450493324
Devansh Dugar,yachanaagate@example.com,0711809828
Ekalinga Sethi,mnair@example.org,9168875171
Chandresh Bhatnagar,jagrati79@example.org,0823452574
Janaki Dugal,dastriveni@example.org,9193559405
Umang Bala,binadalia@example.net,0335346406
Lipika Loyal,agrewal@example.com,8131234510
Divya Choudhary,hemangini95@example.org,0159967060
Naksh Mutti,siyanagar@example.org,0740033908
Turvi Dalal,randhawaeesha@example.com,7698757941
Madhav Bajaj,jom@example.org,0934283562
Ridhi Patel,yashshukla@example.com,0345453942
Shravya Ravi,tanaybhattacharyya@example.net,2676537924
Gautam Desai,krish32@example.org,5185448777
Janaki Goswami,batralakshit@example.com,8589185966
Harrison Sawhney,yauvani69@example.net,0739721578
Jacob Kaur,groverganga@example.org,9115167779
Yashodhara Krishnan,srinivaslaban@example.net,9193956404
Caleb Som,nicholasacharya@example.com,9137218916
Hema Puri,alka30@example.org,0153905897
Ijaya Kala,farhankapoor@example.org,0232095506
Qabil Misra,lavanyazachariah@example.org,0849261059
Warinder Ahluwalia,eboase@example.net,9182216491
Naksh Saha,arinde@example.org,2711068751
Tristan Goswami,wahab84@example.com,1152293927
Chatresh Hari,oahluwalia@example.com,0972993196
Samuel Kalita,kdugar@example.com,1086743485
Dayamai Sen,udeol@example.net,0514433157
Pranav Yohannan,yravel@example.net,9161959587
Shivani Mody,hganguly@example.net,0595683312
Imaran Narang,etagala@example.net,9112004107
Dhriti Mannan,harita67@example.net,9156585335
Ryan Kuruvilla,fbatra@example.org,1274100154
Sudiksha Dhingra,arjun14@example.com,9132598911
Madhavi Grover,nilima99@example.com,9173588740
Libni Thakur,tripti35@example.com,9155159167
Edhitha Karan,sandhuudyati@example.org,9168263420
Madhavi De,isarma@example.com,9173890028
Yashawini Puri,nbalasubramanian@example.net,3537313961
Ati Barad,lvarkey@example.net,0815815602
Brinda Mani,jackson70@example.com,0885735825
Krishna Shan,dalaja66@example.com,1692805034
Mohammed Deep,anjaliaggarwal@example.com,0894175546
Vrinda Deep,ekapad73@example.com,1319263450
Harsh Rajagopal,aadichandran@example.com,8273956054
Kevin Chanda,advaysama@example.org,9167984641
Advaith Ravi,warinder25@example.net,0098727121
Rachana Goswami,lagrawal@example.com,0614519976
Naveen Shanker,jeremiah06@example.net,4808833179
Brijesh Sastry,umorar@example.net,4817160307
Darpan Dara,krishnaahluwalia@example.org,9147023869
Upasna Kalita,karnikmeghana@example.org,4911848228
Yoshita Sarraf,krish40@example.com,9145533257
Rishi Kant,nehakeer@example.net,0880822204
Lila Kant,deozarna@example.net,0257652492
Yash Shere,tanmayiwalla@example.net,2209477636
Anya Mannan,kalakaran@example.net,0540734691
Samuel Bahl,charvi66@example.com,8168040587
Anamika Edwin,nathaniel48@example.net,1448083079
Nisha Dua,hredhaanbalasubramanian@example.org,0374123460
Vinaya Swaminathan,sarrafmekhala@example.net,9109497618
Darika Wadhwa,kdatta@example.net,5820400409
Tejas Bail,champak38@example.net,7074604271
Logan Batra,aishani77@example.com,0729398765
Rachana Rama,hiralkumer@example.org,0151128799
Nidra Raju,raiwatika@example.net,9177693822
Lila Mannan,aarinibandi@example.net,0109837693
Yashica Kaul,flanka@example.org,9109818626
Urishilla Prasad,yamini99@example.org,0426793615
Lohit Padmanabhan,gsanghvi@example.org,9156102665
Ekalinga Dani,tanejaniharika@example.com,0235653718
Joshua Ahluwalia,oni79@example.org,0194165789
Hemani Tak,ayaanbhasin@example.com,9108447270
Jeremiah Setty,ekbalsharaf@example.net,8678414081
Jonathan Sengupta,kapurvrishti@example.org,2194261189
Logan Nagar,rajatamadan@example.net,2271137994
Vivaan Barad,deepsamuel@example.net,2055290558
Janaki Borde,triyakalla@example.net,3632106547
Siddharth Gaba,chanakya66@example.com,9130400390
Qabil Bhatnagar,chatresh22@example.org,9195833478
Wazir Kala,yochana09@example.com,0587363141
Chakradhar Buch,bsaraf@example.com,9186975965
Odika Saxena,qgade@example.org,0123064411
Siya Munshi,madansaksham@example.org,3630233678
Vasana Toor,ombera@example.com,2277698772
Bhavani Pandey,yashchaudhry@example.com,0541136781
Jeremiah Luthra,mohini72@example.com,6235474161
Mahika Ranganathan,prabhubhavya@example.org,5017422966
Neelima Edwin,gaurangi31@example.com,0580049347
Christopher Ganesan,bakhshiguha@example.org,0892443595
Anusha Rajagopalan,deshpandevivaan@example.org,0421725548
Harita Karan,prabhutriya@example.com,9193004830
Champak Saraf,behlabhiram@example.org,9196348995
Warjas Pradhan,mmammen@example.com,0011342103
Imaran Dyal,george00@example.net,0452225559
Falak Patel,manegabriel@example.net,2297958394
Tanmayi Kala,roypushti@example.net,0163743556
Wriddhish Shroff,revabasu@example.org,9111603728
Yochana Sawhney,ijaya30@example.org,9128863380
Diya Singh,ydeol@example.net,0002559788
Maanas Mohan,upkaar86@example.com,7992166003
Chatresh Chanda,sachiborah@example.org,9157326577
Bakhshi Dhingra,kadakiayashvi@example.net,3544824241
Sudiksha Aurora,rbasu@example.org,0775111702
Sai Bakshi,kashvi74@example.net,0825290615
Adweta Aurora,cnagi@example.com,4405093730
Urvi Gupta,harrisonkale@example.org,9167800313
Ishaan Chaudhari,hamsininair@example.net,9108471225
Vedant Sethi,hemal64@example.net,9167835562
Ekanta Jani,qarin48@example.net,9129097058
Fitan Natt,nagiaarush@example.com,3322905989
Qadim Deol,jdass@example.com,5116489692
Suhani Kakar,hamsini25@example.net,0415829887
Kalpit Cheema,diptarana@example.org,9143014901
Ekta Viswanathan,yachana24@example.com,0463909244
Pranav Sagar,daksheshsawhney@example.net,9146736024
Sai Tripathi,rushildugar@example.com,9116117494
Qarin Ahuja,madankiaan@example.com,9111110760
Sneha Bhavsar,darika82@example.net,0938683646
Qushi Dada,libnibumb@example.net,5721783853
Indrajit Cheema,mhalder@example.net,0347162159
Radha Chadha,darajagat@example.net,6589579767
Jalsa Contractor,jatinbhatti@example.net,3346126734
Yachana Lall,nathansolanki@example.net,9195504713
Chatresh Rao,maharajkrishna@example.com,9191241728
Naveen Buch,warinderbanik@example.org,2997518974
Gayathri Pillai,othakkar@example.net,0881494177
Radhika Madan,vigabeer@example.org,9175397006
Pranav Khalsa,surgaurangi@example.net,0152159586
Atharv Shukla,sarrafradha@example.net,9157860064
Priya Korpal,daradayita@example.org,9128266163
Sai Kapoor,sshere@example.com,4305166331
Jackson Bal,yatanghosh@example.org,9103833906
Tanay Kumar,fradoratti@example.net,8646584297
Wazir Sami,mchokshi@example.net,1433544974
Finn Ramachandran,uchana@example.com,9110114408
Krishna Sachar,khuranagirik@example.net,9133094519
Praneel Pingle,lallzansi@example.org,0688407198
Riya Srivastava,tanmayi02@example.net,0534970065
Jhalak Batra,jhegde@example.net,9104105767
Brinda Pingle,rsachar@example.org,0404004273
Niharika Kapoor,zbahri@example.com,0278775246
Watika Baral,naveen47@example.net,9172144780
Shravya Tak,wchopra@example.net,9124029694
Omkaar Mannan,banjeet67@example.net,9134589653
Omya Wason,wrajagopalan@example.org,0280013059
Chakradhar Rajagopal,thakkarzaid@example.net,2853844373
Kamya Samra,gautamagate@example.net,9183194593
Adweta Tripathi,anmolcomar@example.org,6490955697
Jyoti Char,roysara@example.com,0162846176
Harini Bhatti,riyabasak@example.net,9124889938
Baljiwan Majumdar,rattanpavani@example.org,0508960436
Robert Halder,sethianusha@example.com,1436296832
Jeevika Kuruvilla,xaviermanda@example.net,0443667976
Charita Goswami,kalasachi@example.org,9181093455
Naveen Chakraborty,hmurty@example.net,8667644037
Adya Tripathi,ochakrabarti@example.org,0363539654
Onveer Sha,jeremiahkhurana@example.com,0161075876
Tanay Dhawan,bakhshinayak@example.com,3991632774
Ekavir Babu,amairamand@example.com,8140855753
Januja Malhotra,vamakshi25@example.com,0722165522
Rishi De,gautamchawla@example.com,9138633307
Ira Kalita,pandyalucky@example.net,0379123706
Reva Nayar,nihalnarula@example.net,0098833364
Warinder Shere,hiralnath@example.org,9120912913
Nidhi Mammen,abhiramtella@example.net,0839220282
Chandran Dugar,aishani96@example.com,9182914063
Hema Banerjee,abdulkata@example.org,0854279208
Radha Guha,aashihalder@example.org,0620894666
Harsh Jha,radhachaudhari@example.com,9124205171
Chameli Agate,ladurvi@example.org,3709997787
Gavin Swaminathan,banjeetprashad@example.net,5872459872
Balhaar Ravi,narangishwar@example.org,4794218691
Jagdish Bose,kadakiarayaan@example.com,9198121101
Umang Prabhakar,urvashipandya@example.net,0900921638
Ekbal Banerjee,annejeet@example.org,9189429076
Upasna Jhaveri,balvanrana@example.net,9002365211
Kamala Chaudhary,ishani40@example.net,9109678797
Kala Saxena,qdhaliwal@example.com,4979760970
Caleb Mane,mandlaban@example.org,5033340271
Chanchal Gopal,ksuresh@example.org,0553489215
Nirja Mohan,kdhillon@example.org,0541468173
Timothy Sachdeva,lchoudhry@example.org,0983762166
Nakul Dara,viswanathanbishakha@example.org,0221516480
Gautam Babu,onveer81@example.net,0491780552
Jonathan Sule,kaladevan@example.net,9165919707
Reva Joshi,chans@example.org,0255250638
Anya Khalsa,mittalyagnesh@example.org,9199211148
Kabir Sangha,rajagopalangautam@example.net,9076709043
Harini Garde,aprabhakar@example.net,0979812684
Meghana Ravi,boseindrajit@example.com,4810331572
Gaurika Ramaswamy,bhavsareta@example.org,9131248967
Ishita Majumdar,bakhshibaria@example.org,9156306123
Chasmum Bhatnagar,edatta@example.com,0628676267
Unni Rattan,daksheshswamy@example.net,6166591010
Rudra Nagar,lakshitbajwa@example.org,5525568750
